{
  "inception_ts": 1781720733,
  "book_usd": 10000.0,
  "corridor": "eur/usd",
  "position": {
    "pool": "aero_e846",
    "deposit_usd": 10000.0,
    "half_range": 0.03,
    "p_a": 1.1208308412422212,
    "p_b": 1.1901605839994722,
    "L_norm": 312333.8661759245,
    "x0": 4262.715916685983,
    "y0": 5074.450034148705,
    "entry_mid": 1.1554957126208467,
    "entry_ts": 1781720733,
    "last_ts": 1781724817,
    "fees_usd": 2.8077830310906986,
    "lvr_usd": 0.05861276745256753,
    "gas_usd": 0.0,
    "fees_since_recenter": 2.8077830310906986,
    "n_recenters": 0,
    "ticks_in_range": 2,
    "n_ticks": 2
  },
  "inception": {
    "x0": 4262.715916685983,
    "y0": 5074.450034148705,
    "mid": 1.1554957126208467
  },
  "cursors": {
    "aero_e846": 47467735,
    "aero_f39b": 47467735
  },
  "vol_ewma": {
    "aero_e846": {
      "rate_yr": 4426054273.311012,
      "n": 2
    },
    "aero_f39b": {
      "rate_yr": 3214601148.1018934,
      "n": 2
    }
  },
  "L_ewma": {
    "aero_e846": {
      "L": 96021338830949.95,
      "n": 3
    },
    "aero_f39b": {
      "L": 123851847386682.88,
      "n": 3
    }
  },
  "sigma": {
    "prior": 0.071,
    "n": 2,
    "sum_r2": 2.793794262689396e-05,
    "sum_dt": 0.00012950279046169456,
    "last_mid": 1.1499820644607612,
    "last_ts": 1781724817
  },
  "basis_hist": [
    -1.4979209532373083,
    0.37507195199903975,
    4.1873585583140915
  ],
  "nav_hist": [
    {
      "ts": 1781720733,
      "nav": 10000.0,
      "hodl": 10000.0,
      "aave": 10000.0,
      "mid": 1.1554957126208467,
      "breaker": "OK"
    },
    {
      "ts": 1781722229,
      "nav": 10003.590466194033,
      "hodl": 10002.36799834899,
      "aave": 10000.021347031965,
      "mid": 1.1560512266159781,
      "breaker": "OK"
    },
    {
      "ts": 1781724817,
      "nav": 9977.38898846808,
      "hodl": 9976.496884228996,
      "aave": 10000.058276255708,
      "mid": 1.1499820644607612,
      "breaker": "OK"
    }
  ],
  "n_reallocations": 0,
  "n_ticks": 3,
  "breaker": {
    "state": "OK",
    "reason": "fresh; spot~FV",
    "dev_bps": 4.1873585583140915,
    "thresh_bps": 25.0,
    "since": 1781720733
  },
  "last_tick_ts": 1781724817
}