{
  "inception_ts": 1781720733,
  "book_usd": 10000.0,
  "corridor": "eur/usd",
  "position": {
    "pool": "aero_e846",
    "deposit_usd": 10000.0,
    "half_range": 0.03,
    "p_a": 1.1208308412422212,
    "p_b": 1.1901605839994722,
    "L_norm": 312333.8661759245,
    "x0": 4262.715916685983,
    "y0": 5074.450034148705,
    "entry_mid": 1.1554957126208467,
    "entry_ts": 1781720733,
    "last_ts": 1781809759,
    "fees_usd": 9.02015588313832,
    "lvr_usd": 1.3578559978780775,
    "gas_usd": 0.0,
    "fees_since_recenter": 9.02015588313832,
    "n_recenters": 0,
    "ticks_in_range": 23,
    "n_ticks": 23
  },
  "inception": {
    "x0": 4262.715916685983,
    "y0": 5074.450034148705,
    "mid": 1.1554957126208467
  },
  "cursors": {
    "aero_e846": 47510206,
    "aero_f39b": 47510206,
    "aero_c5e5": 47510206,
    "pancake_1ca4": 47510206,
    "aero_183c": 47510206,
    "alien_7b2c": 47510206,
    "uni_7279": 47510206,
    "pancake_f0c5": 47510206,
    "uni_03d8": 47510206
  },
  "vol_ewma": {
    "aero_e846": {
      "rate_yr": 1756821724.7864559,
      "n": 23
    },
    "aero_f39b": {
      "rate_yr": 1350596794.9720526,
      "n": 23
    },
    "aero_c5e5": {
      "rate_yr": 1471184253.143973,
      "n": 6
    },
    "pancake_1ca4": {
      "rate_yr": 69799871.37344418,
      "n": 6
    },
    "aero_183c": {
      "rate_yr": 8736698.955419332,
      "n": 6
    },
    "alien_7b2c": {
      "rate_yr": 16273556.309613323,
      "n": 6
    },
    "uni_7279": {
      "rate_yr": 35651079.74148451,
      "n": 6
    },
    "pancake_f0c5": {
      "rate_yr": 26289452.86637596,
      "n": 6
    },
    "uni_03d8": {
      "rate_yr": 81384.2707335143,
      "n": 6
    }
  },
  "L_ewma": {
    "aero_e846": {
      "L": 106476167239123.53,
      "n": 24
    },
    "aero_f39b": {
      "L": 350655717857015.25,
      "n": 24
    },
    "aero_c5e5": {
      "L": 179715454667628.94,
      "n": 7
    },
    "pancake_1ca4": {
      "L": 3194053369253.9893,
      "n": 7
    },
    "aero_183c": {
      "L": 1663993267364.0,
      "n": 7
    },
    "alien_7b2c": {
      "L": 668558835589.0,
      "n": 7
    },
    "uni_7279": {
      "L": 3316530327232.9355,
      "n": 7
    },
    "pancake_f0c5": {
      "L": 1046133365596.7842,
      "n": 7
    },
    "uni_03d8": {
      "L": 339525856429.0,
      "n": 7
    }
  },
  "sigma": {
    "prior": 0.071,
    "n": 23,
    "sum_r2": 4.1200160394062946e-05,
    "sum_dt": 0.0028229959411466264,
    "last_mid": 1.1457184015440165,
    "last_ts": 1781809759
  },
  "basis_hist": [
    -1.4979209532373083,
    0.37507195199903975,
    4.1873585583140915,
    3.759912237437657,
    3.259829643973422,
    2.8340506543833577,
    1.1967090922304635,
    2.2940471866927936,
    0.912825609604706,
    1.1955956742082385,
    1.6212398809711814,
    1.6555466762135929,
    2.050596280318562,
    2.6568716910579937,
    6.2411714379950745,
    4.787574792028959,
    2.529919431457639,
    0.21862197617572576,
    -0.7640636754668861,
    1.205538186437316,
    1.0503092779412526,
    -0.5285567022583759,
    2.326561063956678,
    2.5573650357713085
  ],
  "nav_hist": [
    {
      "ts": 1781720733,
      "nav": 10000.0,
      "hodl": 10000.0,
      "aave": 10000.0,
      "mid": 1.1554957126208467,
      "breaker": "OK"
    },
    {
      "ts": 1781722229,
      "nav": 10003.590466194033,
      "hodl": 10002.36799834899,
      "aave": 10000.021347031965,
      "mid": 1.1560512266159781,
      "breaker": "OK"
    },
    {
      "ts": 1781724817,
      "nav": 9977.38898846808,
      "hodl": 9976.496884228996,
      "aave": 10000.058276255708,
      "mid": 1.1499820644607612,
      "breaker": "OK"
    },
    {
      "ts": 1781728285,
      "nav": 9978.800889184029,
      "hodl": 9977.313919270635,
      "aave": 10000.107762557078,
      "mid": 1.1501737345268896,
      "breaker": "OK"
    },
    {
      "ts": 1781731585,
      "nav": 9981.743384164769,
      "hodl": 9979.628501495667,
      "aave": 10000.154851598172,
      "mid": 1.1507167175147943,
      "breaker": "OK"
    },
    {
      "ts": 1781734377,
      "nav": 9981.27870863091,
      "hodl": 9979.17726839499,
      "aave": 10000.194691780822,
      "mid": 1.150610861738924,
      "breaker": "OK"
    },
    {
      "ts": 1781736739,
      "nav": 9980.78272304007,
      "hodl": 9978.686844713935,
      "aave": 10000.228396118722,
      "mid": 1.1504958121577082,
      "breaker": "OK"
    },
    {
      "ts": 1781739247,
      "nav": 9982.75001369209,
      "hodl": 9980.354485331725,
      "aave": 10000.264183789955,
      "mid": 1.1508870276762615,
      "breaker": "OK"
    },
    {
      "ts": 1781741433,
      "nav": 9987.464391918726,
      "hodl": 9984.414779979954,
      "aave": 10000.295376712329,
      "mid": 1.1518395412210496,
      "breaker": "OK"
    },
    {
      "ts": 1781746003,
      "nav": 9989.058830359238,
      "hodl": 9985.711116966038,
      "aave": 10000.360587899544,
      "mid": 1.1521436517954864,
      "breaker": "OK"
    },
    {
      "ts": 1781749517,
      "nav": 9986.35399025216,
      "hodl": 9983.177686597955,
      "aave": 10000.410730593607,
      "mid": 1.1515493287353533,
      "breaker": "OK"
    },
    {
      "ts": 1781754451,
      "nav": 9990.155026665241,
      "hodl": 9986.539511442275,
      "aave": 10000.48113584475,
      "mid": 1.152337986696622,
      "breaker": "OK"
    },
    {
      "ts": 1781761071,
      "nav": 9988.165708746325,
      "hodl": 9984.591533054834,
      "aave": 10000.575599315069,
      "mid": 1.151881006117687,
      "breaker": "OK"
    },
    {
      "ts": 1781767119,
      "nav": 9987.039930170802,
      "hodl": 9983.220226961635,
      "aave": 10000.66190068493,
      "mid": 1.1515593083738072,
      "breaker": "OK"
    },
    {
      "ts": 1781773337,
      "nav": 9974.298600243641,
      "hodl": 9971.499595352765,
      "aave": 10000.75062785388,
      "mid": 1.1488097393577277,
      "breaker": "OK"
    },
    {
      "ts": 1781779655,
      "nav": 9964.474934500331,
      "hodl": 9963.019151969194,
      "aave": 10000.840781963469,
      "mid": 1.1468202932981448,
      "breaker": "OK"
    },
    {
      "ts": 1781784589,
      "nav": 9961.134405711278,
      "hodl": 9959.99910054644,
      "aave": 10000.911187214611,
      "mid": 1.1461118127233703,
      "breaker": "OK"
    },
    {
      "ts": 1781787225,
      "nav": 9966.271327444389,
      "hodl": 9963.706824673885,
      "aave": 10000.948801369863,
      "mid": 1.1469816159661648,
      "breaker": "OK"
    },
    {
      "ts": 1781789341,
      "nav": 9964.785511848193,
      "hodl": 9962.36416034186,
      "aave": 10000.978995433788,
      "mid": 1.1466666373566898,
      "breaker": "OK"
    },
    {
      "ts": 1781793197,
      "nav": 9969.69331632037,
      "hodl": 9965.953026823034,
      "aave": 10001.03401826484,
      "mid": 1.1475085575201058,
      "breaker": "OK"
    },
    {
      "ts": 1781798261,
      "nav": 9969.988178170905,
      "hodl": 9965.594347688955,
      "aave": 10001.106278538813,
      "mid": 1.1474244141849443,
      "breaker": "OK"
    },
    {
      "ts": 1781802821,
      "nav": 9967.529364718845,
      "hodl": 9963.410233587922,
      "aave": 10001.171347031963,
      "mid": 1.146912038004189,
      "breaker": "OK"
    },
    {
      "ts": 1781806487,
      "nav": 9965.964432428626,
      "hodl": 9962.041584783152,
      "aave": 10001.223658675799,
      "mid": 1.1465909636395073,
      "breaker": "OK"
    },
    {
      "ts": 1781809759,
      "nav": 9961.307097433415,
      "hodl": 9958.322100450405,
      "aave": 10001.270348173517,
      "mid": 1.1457184015440165,
      "breaker": "OK"
    }
  ],
  "n_reallocations": 0,
  "n_ticks": 24,
  "breaker": {
    "state": "OK",
    "reason": "fresh; spot~FV",
    "dev_bps": 2.5573650357713085,
    "thresh_bps": 25.0,
    "since": 1781720733
  },
  "last_tick_ts": 1781809759
}