{
  "inception_ts": 1781720733,
  "book_usd": 10000.0,
  "corridor": "eur/usd",
  "position": {
    "pool": "aero_c5e5",
    "deposit_usd": 10000.0,
    "half_range": 0.03,
    "p_a": 1.1117484686335135,
    "p_b": 1.1805164151469267,
    "L_norm": 312162.2217731358,
    "x0": 4277.7403770420815,
    "y0": 5051.071081588187,
    "entry_mid": 1.1461324418902201,
    "entry_ts": 1781821915,
    "last_ts": 1781974139,
    "fees_usd": 84.905772507127,
    "lvr_usd": 3.7337487468468806,
    "gas_usd": 0.04,
    "fees_since_recenter": 75.39415578479216,
    "n_recenters": 0,
    "ticks_in_range": 71,
    "n_ticks": 71
  },
  "inception": {
    "x0": 4262.715916685983,
    "y0": 5074.450034148705,
    "mid": 1.1554957126208467
  },
  "cursors": {
    "aero_e846": 47592396,
    "aero_f39b": 47592396,
    "aero_c5e5": 47592396,
    "pancake_1ca4": 47592396,
    "aero_183c": 47592396,
    "alien_7b2c": 47592396,
    "uni_7279": 47592396,
    "pancake_f0c5": 47592396,
    "uni_03d8": 47592396,
    "univ4_64db": 47592396
  },
  "vol_ewma": {
    "aero_e846": {
      "rate_yr": 191512090.16880897,
      "n": 71
    },
    "aero_f39b": {
      "rate_yr": 491166268.8629051,
      "n": 71
    },
    "aero_c5e5": {
      "rate_yr": 281729115.5082842,
      "n": 54
    },
    "pancake_1ca4": {
      "rate_yr": 34577.46816311077,
      "n": 54
    },
    "aero_183c": {
      "rate_yr": 973663.2157356811,
      "n": 54
    },
    "alien_7b2c": {
      "rate_yr": 2887216.9575896673,
      "n": 54
    },
    "uni_7279": {
      "rate_yr": 9835010.957700215,
      "n": 54
    },
    "pancake_f0c5": {
      "rate_yr": 13023.272129675588,
      "n": 54
    },
    "uni_03d8": {
      "rate_yr": 1264.8527480209564,
      "n": 54
    },
    "univ4_64db": {
      "rate_yr": 288398.86542747315,
      "n": 43
    }
  },
  "L_ewma": {
    "aero_e846": {
      "L": 451934010888292.25,
      "n": 72
    },
    "aero_f39b": {
      "L": 9829973180834014.0,
      "n": 72
    },
    "aero_c5e5": {
      "L": 643853174142389.6,
      "n": 55
    },
    "pancake_1ca4": {
      "L": 18464210679550.117,
      "n": 55
    },
    "aero_183c": {
      "L": 1663993267364.0,
      "n": 55
    },
    "alien_7b2c": {
      "L": 668589345092.0,
      "n": 55
    },
    "uni_7279": {
      "L": 9546536084741.832,
      "n": 55
    },
    "pancake_f0c5": {
      "L": 14778173024567.516,
      "n": 55
    },
    "uni_03d8": {
      "L": 214851066238.98334,
      "n": 55
    },
    "univ4_64db": {
      "L": 351814382228.7671,
      "n": 44
    }
  },
  "sigma": {
    "prior": 0.071,
    "n": 71,
    "sum_r2": 5.143165812465142e-05,
    "sum_dt": 0.00803545154743785,
    "last_mid": 1.1467056227358712,
    "last_ts": 1781974139
  },
  "basis_hist": [
    -1.4979209532373083,
    0.37507195199903975,
    4.1873585583140915,
    3.759912237437657,
    3.259829643973422,
    2.8340506543833577,
    1.1967090922304635,
    2.2940471866927936,
    0.912825609604706,
    1.1955956742082385,
    1.6212398809711814,
    1.6555466762135929,
    2.050596280318562,
    2.6568716910579937,
    6.2411714379950745,
    4.787574792028959,
    2.529919431457639,
    0.21862197617572576,
    -0.7640636754668861,
    1.205538186437316,
    1.0503092779412526,
    -0.5285567022583759,
    2.326561063956678,
    2.5573650357713085,
    2.310356389676471,
    2.015277530331705,
    0.842111499914644,
    0.5745597786543932,
    0.11830846558202879,
    0.9697319864798715,
    2.310042585771388,
    -0.27941104681517004,
    2.138333933106029,
    -0.4042499272527422,
    0.4242545009813803,
    -0.6062213124558014,
    0.6829907737748719,
    0.19230848731455197,
    1.6831311137877059,
    -0.6591482668094617,
    -0.07675931294359728,
    0.8732331303029639,
    -0.8231440477246554,
    -0.17748784776894233,
    -1.505750376167292,
    -0.8920870889395083,
    0.10983430706046349,
    1.503185599389667,
    0.4348906290152499
  ],
  "nav_hist": [
    {
      "ts": 1781720733,
      "nav": 10000.0,
      "hodl": 10000.0,
      "aave": 10000.0,
      "mid": 1.1554957126208467,
      "breaker": "OK"
    },
    {
      "ts": 1781722229,
      "nav": 10003.590466194033,
      "hodl": 10002.36799834899,
      "aave": 10000.021347031965,
      "mid": 1.1560512266159781,
      "breaker": "OK"
    },
    {
      "ts": 1781724817,
      "nav": 9977.38898846808,
      "hodl": 9976.496884228996,
      "aave": 10000.058276255708,
      "mid": 1.1499820644607612,
      "breaker": "OK"
    },
    {
      "ts": 1781728285,
      "nav": 9978.800889184029,
      "hodl": 9977.313919270635,
      "aave": 10000.107762557078,
      "mid": 1.1501737345268896,
      "breaker": "OK"
    },
    {
      "ts": 1781731585,
      "nav": 9981.743384164769,
      "hodl": 9979.628501495667,
      "aave": 10000.154851598172,
      "mid": 1.1507167175147943,
      "breaker": "OK"
    },
    {
      "ts": 1781734377,
      "nav": 9981.27870863091,
      "hodl": 9979.17726839499,
      "aave": 10000.194691780822,
      "mid": 1.150610861738924,
      "breaker": "OK"
    },
    {
      "ts": 1781736739,
      "nav": 9980.78272304007,
      "hodl": 9978.686844713935,
      "aave": 10000.228396118722,
      "mid": 1.1504958121577082,
      "breaker": "OK"
    },
    {
      "ts": 1781739247,
      "nav": 9982.75001369209,
      "hodl": 9980.354485331725,
      "aave": 10000.264183789955,
      "mid": 1.1508870276762615,
      "breaker": "OK"
    },
    {
      "ts": 1781741433,
      "nav": 9987.464391918726,
      "hodl": 9984.414779979954,
      "aave": 10000.295376712329,
      "mid": 1.1518395412210496,
      "breaker": "OK"
    },
    {
      "ts": 1781746003,
      "nav": 9989.058830359238,
      "hodl": 9985.711116966038,
      "aave": 10000.360587899544,
      "mid": 1.1521436517954864,
      "breaker": "OK"
    },
    {
      "ts": 1781749517,
      "nav": 9986.35399025216,
      "hodl": 9983.177686597955,
      "aave": 10000.410730593607,
      "mid": 1.1515493287353533,
      "breaker": "OK"
    },
    {
      "ts": 1781754451,
      "nav": 9990.155026665241,
      "hodl": 9986.539511442275,
      "aave": 10000.48113584475,
      "mid": 1.152337986696622,
      "breaker": "OK"
    },
    {
      "ts": 1781761071,
      "nav": 9988.165708746325,
      "hodl": 9984.591533054834,
      "aave": 10000.575599315069,
      "mid": 1.151881006117687,
      "breaker": "OK"
    },
    {
      "ts": 1781767119,
      "nav": 9987.039930170802,
      "hodl": 9983.220226961635,
      "aave": 10000.66190068493,
      "mid": 1.1515593083738072,
      "breaker": "OK"
    },
    {
      "ts": 1781773337,
      "nav": 9974.298600243641,
      "hodl": 9971.499595352765,
      "aave": 10000.75062785388,
      "mid": 1.1488097393577277,
      "breaker": "OK"
    },
    {
      "ts": 1781779655,
      "nav": 9964.474934500331,
      "hodl": 9963.019151969194,
      "aave": 10000.840781963469,
      "mid": 1.1468202932981448,
      "breaker": "OK"
    },
    {
      "ts": 1781784589,
      "nav": 9961.134405711278,
      "hodl": 9959.99910054644,
      "aave": 10000.911187214611,
      "mid": 1.1461118127233703,
      "breaker": "OK"
    },
    {
      "ts": 1781787225,
      "nav": 9966.271327444389,
      "hodl": 9963.706824673885,
      "aave": 10000.948801369863,
      "mid": 1.1469816159661648,
      "breaker": "OK"
    },
    {
      "ts": 1781789341,
      "nav": 9964.785511848193,
      "hodl": 9962.36416034186,
      "aave": 10000.978995433788,
      "mid": 1.1466666373566898,
      "breaker": "OK"
    },
    {
      "ts": 1781793197,
      "nav": 9969.69331632037,
      "hodl": 9965.953026823034,
      "aave": 10001.03401826484,
      "mid": 1.1475085575201058,
      "breaker": "OK"
    },
    {
      "ts": 1781798261,
      "nav": 9969.988178170905,
      "hodl": 9965.594347688955,
      "aave": 10001.106278538813,
      "mid": 1.1474244141849443,
      "breaker": "OK"
    },
    {
      "ts": 1781802821,
      "nav": 9967.529364718845,